"","x"
"1","http://krebsonsecurity.com/2014/12/banks-card-breach-at-some-chick-fil-as/"
"2","http://www.bloomberg.com/news/2015-01-19/u-s-spies-tapped-north-korean-computers-prior-to-sony-attack.html"
"3","http://www.huffingtonpost.com/2015/01/07/fbi-sony-hack-north-korea_n_6431340.html"
"4","http://www.theguardian.com/film/2014/dec/12/the-interview-sony-data-hack"
"5","http://www.thestreet.com/story/12976491/1/sony-breach-has-cybersecurity-industry-scrambling-for-answers.html"
"6","http://edition.cnn.com/2014/09/01/showbiz/jennifer-lawrence-photos/"
"7","http://dealbook.nytimes.com/2014/10/02/jpmorgan-discovers-further-cyber-security-issues/?_r=0"
"8","http://en.wikipedia.org/wiki/Sony_Pictures_Entertainment_hack"
"9","http://www.usatoday.com/story/money/business/2014/11/06/home-depot-hackers-stolen-data/18613167/"
"10","http://krebsonsecurity.com/2014/05/the-target-breach-by-the-numbers/"
"11","https://www.google.com/url?sa=t&source=web&rct=j&ei=nlm-VN-WDIGwggT6sYSwCQ&url=http://en.m.wikipedia.org/wiki/Sony_Pictures_Entertainment_hack&ved=0CCYQFjAD&usg=AFQjCNE6DM7hh8_4uZGvIDL96YL0aMZLhw&sig2=bhdoZUHylN-nIdF-3MFQ1A"
"12","https://www.google.com/url?sa=t&rct=j&q=&esrc=s&source=web&cd=4&cad=rja&uact=8&ved=0CCYQFjAD&url=http%3A%2F%2Fwww.latimes.com%2Fbusiness%2Fla-fi-sony-cybersecurity-20141227-story.html&ei=rlm-VLv3D8OdNtKlgdAC&usg=AFQjCNEwtNv_hiL8nDhf3qpIgAZkXU2HKQ&sig2=i9k9xyBv8xaNTx9wt7d4Dw&bvm=bv.83829542,d.eXY"
"13",""
"14","http://deadline.com/2014/12/sony-hack-timeline-any-pascal-the-interview-north-korea-1201325501/"
"15","http://www.cnn.com/2014/12/27/world/asia/north-korea-the-interview-reaction/index.html"
"16","http://www.cnbc.com/id/102344021"
"17",""
"18","http://krebsonsecurity.com/tag/home-depot-breach/"
"19","http://www.forbes.com/sites/greatspeculations/2014/09/24/home-depot-could-the-impact-of-the-data-breach-be-significant/"
"20","http://www.independent.co.uk/news/world/americas/sony-pictures-hack-us-had-hacked-north-korea-first-leaked-documents-show-9988969.html"
"21","http://www.cbsnews.com/news/why-the-u-s-government-was-sure-north-korea-hacked-sony/"
"22","http://www.nbcnews.com/storyline/sony-hack/sony-hack-n-korean-intel-gleaned-nsa-during-incursion-n288761"
"23","http://en.wikipedia.org/wiki/Sony_Pictures_Entertainment_hack"
"24","Sony"
"25","http://fortune.com/2014/10/03/5-huge-cybersecurity-breaches-at-big-companies/"
"26","http://www.thestreet.com/story/12976491/1/sony-breach-has-cybersecurity-industry-scrambling-for-answers.html"
"27","http://deadline.com/2014/12/sony-hack-timeline-any-pascal-the-interview-north-korea-1201325501/"
"28","http://dealbook.nytimes.com/2014/10/02/jpmorgan-discovers-further-cyber-security-issues/?_r=0"
"29","http://www.theverge.com/2014/12/8/7352581/sony-pictures-hacked-storystream"
"30","http://threatpost.com/anthem-data-breach-could-affect-millions-of-consumers/110867"
"31","http://www.thestreet.com/story/12976491/1/sony-breach-has-cybersecurity-industry-scrambling-for-answers.html"
"32","http://krebsonsecurity.com/2014/05/the-target-breach-by-the-numbers/"
"33","http://www.usatoday.com/story/tech/2015/02/04/health-care-anthem-hacked/22900925/"
"34","http://www.reuters.com/article/2015/02/05/us-anthem-cybersecurity-idUSKBN0L907J20150205"
"35","http://www.usatoday.com/story/tech/2015/02/04/health-care-anthem-hacked/22900925/"
"36",""
"37","http://www.usatoday.com/story/tech/2015/02/04/health-care-anthem-hacked/22900925/"
"38","http://www.thestreet.com/story/12976491/1/sony-breach-has-cybersecurity-industry-scrambling-for-answers.html"
"39","https://www.google.com/url?sa=t&rct=j&q=&esrc=s&source=web&cd=3&cad=rja&uact=8&ved=0CCoQFjAC&url=http%3A%2F%2Fen.wikipedia.org%2Fwiki%2FSony_Pictures_Entertainment_hack&ei=nG3TVLuxK4qWgwTNuoPYDQ&usg=AFQjCNG-6kXeR5jirD_JQlVhY02h-uOtdQ&sig2=oMX95GlE5ZUN6qj_e3DEqg&bvm=bv.85142067,d.eXY"
"40","https://corporate.homedepot.com/MediaCenter/Documents/Press%20Release.pdf"
"41",""
"42","http://www.wsj.com/articles/health-insurer-anthem-hit-by-hackers-1423103720"
"43","http://www.reuters.com/article/2015/02/05/us-anthem-cybersecurity-idUSKBN0L907J20150205"
"44","http://www.reuters.com/article/2013/06/12/us-usa-security-hongkong-idUSBRE95B07B20130612"
"45","http://finance.yahoo.com/news/biggest-u-health-insurer-breached-050751561.html;_ylt=A0LEVjbIbdNUfxcA8v0nnIlQ"
"46","http://techcrunch.com/2014/12/16/hack-sony-twice-shame-on-sony/"
"47","http://www.usatoday.com/story/news/nation/2015/01/12/twitter-centcom-isis/21640577/"
"48","http://www.bbc.com/news/technology-29237469"
"49","http://www.cnet.com/news/sony-pictures-hack-to-cost-the-company-only-15-million/"
"50","http://www.theverge.com/2014/12/8/7352581/sony-pictures-hacked-storystream"
"51","http://www.washingtonpost.com/business/economy/target-says-70-million-customers-were-hit-by-dec-data-breach-more-than-first-reported/2014/01/10/0ada1026-79fe-11e3-8963-b4b654bcc9b2_story.html"
"52","http://en.wikipedia.org/wiki/Sony_Pictures_Entertainment_hack"
"53",""
"54","No link, just all the news with the Sony hacking scandal around Christmas."
"55","http://krebsonsecurity.com/2014/12/sony-breach-may-have-exposed-employee-healthcare-salary-data/"
"56","http://www.usatoday.com/story/tech/2015/02/04/health-care-anthem-hacked/22900925/"
"57","http://www.pbs.org/newshour/bb/hollywood-studios-check-security-hackers-leak-sonys-salaries-embarrassing-emails/"
"58","https://corporate.target.com/about/shopping-experience/payment-card-issue-FAQ"
"59","http://www.engadget.com/2014/12/10/sony-pictures-hack-the-whole-story/"
"60","http://krebsonsecurity.com/2014/05/the-target-breach-by-the-numbers/"
"61","http://www.cnet.com/news/sony-pictures-hack-to-cost-the-company-only-15-million/"
"62","http://www.cnet.com/news/sony-pictures-hack-to-cost-the-company-only-15-million/"
"63","http://en.wikipedia.org/wiki/Sony_Pictures_Entertainment_hack"
"64","http://www.usatoday.com/story/tech/2015/02/04/health-care-anthem-hacked/22900925/"
"65","http://www.usatoday.com/story/tech/2015/02/04/health-care-anthem-hacked/22900925/"
"66","https://news.yahoo.com/health-insurer-anthem-hit-hackers-wsj-031415011--sector.html"
"67","http://www.forbes.com/sites/josephsteinberg/2014/12/11/massive-security-breach-at-sony-heres-what-you-need-to-know/"
"68","https://news.yahoo.com/health-insurer-anthem-hit-hackers-wsj-031415011--sector.html"
"69","http://fortune.com/2014/10/03/5-huge-cybersecurity-breaches-at-big-companies/"
"70","http://en.wikipedia.org/wiki/Sony_Pictures_Entertainment_hack"
"71","http://www.businessinsider.com/heres-what-happened-to-your-target-data-that-was-hacked-2014-10"
"72","http://deadline.com/2014/12/sony-hack-timeline-any-pascal-the-interview-north-korea-1201325501/"
"73","http://www.reuters.com/article/2014/12/18/us-sony-cybersecurity-theaters-idUSKBN0JV2MA20141218"
"74","http://en.wikipedia.org/wiki/2014_celebrity_photo_hack"
"75","http://abcnews.go.com/US/congress-presses-timely-notification-us-postal-service-data/story?id=27028596"
"76","http://www.zdnet.com/article/pentagons-twitter-hack-shows-perils-of-picking-passwords-not-cybersecurity-legislation/"
"77","http://deadline.com/2014/12/sony-hack-timeline-any-pascal-the-interview-north-korea-1201325501/"
"78","http://www.zacks.com/stock/news/156523/is-north-korea-to-blame-for-sonys-cyber-security-breach"
"79","TARGET"
"80","http://www.thestreet.com/story/12976491/1/sony-breach-has-cybersecurity-industry-scrambling-for-answers.html"
"81","http://en.wikipedia.org/wiki/Heartbleed"
"82","https://corporate.homedepot.com/mediacenter/pages/statement1.aspx"
"83","http://www.wsj.com/articles/SB10001424052702303754404579312232546392464"
"84","http://thenextweb.com/insider/2014/12/13/timeline-sony-breach-data-leaks-far/"
"85","http://www.zdnet.com/article/apple-security-breach-causes-investor-panic-stock-slide-ahead-of-iphone-6-launch/"
"86","http://www.thestreet.com/story/12976491/1/sony-breach-has-cybersecurity-industry-scrambling-for-answers.html"
"87","Target"
"88","http://deadline.com/2014/12/sony-hack-timeline-any-pascal-the-interview-north-korea-1201325501/"
"89","http://www.reuters.com/article/2014/12/02/us-sony-cybersecurity-malware-idUSKCN0JF3FE20141202"
"90","http://www.ibtimes.com/home-depot-security-breach-how-brian-krebs-broke-story-last-week-1683030"
"91","http://www.reuters.com/article/2013/12/19/us-target-breach-idUSBRE9BH1GX20131219"
"92","http://krebsonsecurity.com/tag/target-data-breach/"
"93","http://www.forbes.com/sites/josephsteinberg/2014/12/11/massive-security-breach-at-sony-heres-what-you-need-to-know/"
"94","http://deadline.com/2014/12/sony-hack-timeline-any-pascal-the-interview-north-korea-1201325501/"
"95","http://www.engadget.com/2014/12/10/sony-pictures-hack-the-whole-story/"
"96","www.thestreet.com/.../sony-breach-has-cybersecurity-indu."
"97","http://www.engadget.com/2014/12/10/sony-pictures-hack-the-whole-story/"
"98","http://heartbleed.com/"
"99","http://deadline.com/2014/12/sony-hack-timeline-any-pascal-the-interview-north-korea-1201325501/"
"100","No link but Target Credit Card numbers being stolen"
"101","http://www.bbc.co.uk/news/world-us-canada-30785232"
"102","http://www.nbcnews.com/storyline/sony-hack"
"103","http://www.vulture.com/2014/12/everything-sony-leaks-scandal.html"
"104","http://www.npr.org/blogs/codeswitch/2014/12/26/371716376/hollywoods-acceptance-of-white-privilege-revealed-by-sony-hack"
"105","http://en.wikipedia.org/wiki/Sony_Pictures_Entertainment_hack"
"106","http://www.businessinsurance.com/article/20150116/NEWS07/150119868?tags=%7C299%7C75%7C302%7C303%7C335"
"107","http://www.latimes.com/entertainment/envelope/cotown/la-et-ct-sony-hack-inside-job-not-north-korea-20141231-story.html"
"108","na"
"109","http://www.reuters.com/article/2014/12/19/us-staples-cybersecurity-idUSKBN0JX2CY20141219"
"110","http://www.thestreet.com/story/12976491/1/sony-breach-has-cybersecurity-industry-scrambling-for-answers.html"
"111","http://money.cnn.com/2014/12/03/media/sony-north-korea-cyberattack/"
"112","http://techcrunch.com/2014/12/16/hack-sony-twice-shame-on-sony/"
"113","http://www.zacks.com/stock/news/156523/is-north-korea-to-blame-for-sonys-cyber-security-breach"
"114","https://dupaco.com/dupacodaily/2015/01/kmart-confirms-breach-of-payment-card-data.html"
"115","http://money.cnn.com/2015/01/16/technology/security/jester-hacker-vigilante/index.html"
"116","http://www.dailymail.co.uk/news/article-2888339/Hackers-release-cache-13-000-passwords-credit-cards-Playstation-Xbox-Amazon-users.html"
"117","http://www.thestreet.com/story/12976491/1/sony-breach-has-cybersecurity-industry-scrambling-for-answers.html"
"118","http://www.cnet.com/news/heartbleed-bug-what-you-need-to-know-faq/"
"119","http://en.wikipedia.org/wiki/Sony_Pictures_Entertainment_hack"
"120","http://www.vulture.com/2014/12/everything-sony-leaks-scandal.html"
"121","Sony hackings"
"122","http://mobile.nytimes.com/blogs/dealbook/2014/10/02/jpmorgan-discovers-further-cyber-security-issues/?referrer="
"123","Home Depot and Target"
"124","http://gizmodo.com/after-huge-hack-fury-and-other-unreleased-sony-films-l-1664824686"
"125","http://krebsonsecurity.com/tag/home-depot-breach/"
"126","http://fortune.com/2014/10/03/5-huge-cybersecurity-breaches-at-big-companies/"
"127","http://www.heritage.org/research/reports/2014/10/cyber-attacks-on-us-companies-in-2014"
"128","http://www.ibtimes.com/cybersecurity-home-depot-could-be-latest-company-hit-massive-credit-card-data-security-1676544"
"129","http://www.latimes.com/business/la-fi-sony-cybersecurity-20141227-story.html#page=1"
"130","http://www.militarytimes.com/story/military/pentagon/2015/01/14/centcom-twitter-hackers-posted-info-for-many-retired-generals/21766173/"
"131","http://www.businessweek.com/articles/2015-01-15/sony-hack-why-movie-chiefs-pascal-lynton-may-survive"
"132","http://www.bbc.com/news/technology-30189029"
"133","http://www.thestreet.com/story/12976491/1/sony-breach-has-cybersecurity-industry-scrambling-for-answers.html"
"134","http://www.washingtonpost.com/business/economy/target-says-70-million-customers-were-hit-by-dec-data-breach-more-than-first-reported/2014/01/10/0ada1026-79fe-11e3-8963-b4b654bcc9b2_story.html"
"135","http://www.siliconrepublic.com/enterprise/item/40222-gigglebit-sony-security-br"
"136","http://en.wikipedia.org/wiki/Sony_Pictures_Entertainment_hack"
"137","http://www.nbcnews.com/storyline/sony-hack/sony-hack-n-korean-intel-gleaned-nsa-during-incursion-n288761"
"138","http://en.wikipedia.org/wiki/Sony_Pictures_Entertainment_hack"
"139","http://techland.time.com/2013/12/19/the-target-credit-card-breach-what-you-should-know/"
"140","http://www.nbcnews.com/storyline/sony-hack/sony-hack-n-korean-intel-gleaned-nsa-during-incursion-n288761"
"141",""
"142","http://www.forbes.com/sites/josephsteinberg/2014/12/11/massive-security-breach-at-sony-heres-what-you-need-to-know/"
"143","http://www.thestreet.com/story/12976491/1/sony-breach-has-cybersecurity-industry-scrambling-for-answers.html"
"144","http://www.forbes.com/sites/davelewis/2014/12/17/sony-pictures-how-the-criminal-hackers-won/"
"145","http://www.cnet.com/news/53-million-emails-stolen-in-home-depot-breach/"
"146","http://deadline.com/2014/12/sony-hack-timeline-any-pascal-the-interview-north-korea-1201325501/"
"147","http://www.businessweek.com/articles/2014-09-18/home-depot-hacked-wide-open"
"148","http://www.nytimes.com/2015/01/19/world/asia/nsa-tapped-into-north-korean-networks-before-sony-attack-officials-say.html?_r=0"
"149","http://www.nbcnews.com/storyline/sony-hack/sony-hack-n-korean-intel-gleaned-nsa-during-incursion-n288761"
"150","http://en.wikipedia.org/wiki/PlayStation_Network_outage"
"151","http://www.wsj.com/articles/home-depot-breach-bigger-than-targets-1411073571"
"152","http://www.forbes.com/sites/davelewis/2014/12/17/sony-pictures-how-the-criminal-hackers-won/"
"153","Target and Home depot breach"
"154","http://www.forbes.com/sites/davelewis/2014/12/17/sony-pictures-how-the-criminal-hackers-won/"
"155","http://www.washingtonpost.com/news/checkpoint/wp/2015/01/12/centcom-twitter-account-apparently-hacked-by-islamic-state-sympathizers/"
"156","https://www.google.com/url?sa=t&rct=j&q=&esrc=s&source=web&cd=1&ved=0CB4QFjAA&url=http%3A%2F%2Fen.wikipedia.org%2Fwiki%2FSony_Pictures_Entertainment_hack&ei=lhK9VOCLAsijgwSyiIDYCQ&usg=AFQjCNG-6kXeR5jirD_JQlVhY02h-uOtdQ&sig2=R1jHQ8lxzxtl8DFqa4t1KQ"
"157","http://www.cbsnews.com/news/target-customers-hit-in-major-credit-card-security-breach/"
"158","http://deadline.com/2014/12/sony-hack-timeline-any-pascal-the-interview-north-korea-1201325501/"
"159","http://www.zacks.com/stock/news/156523/is-north-korea-to-blame-for-sonys-cyber-security-breach"
"160","http://www.forbes.com/sites/josephsteinberg/2014/12/11/massive-security-breach-at-sony-heres-what-you-need-to-know/"
"161","http://www.theguardian.com/technology/2015/jan/19/lizard-squad-lizardstresser-site-hacked"
"162","http://heartbleed.com/"
"163","http://www.forbes.com/sites/sungardas/2014/12/31/2014-cyber-security-news-was-dominated-by-the-sony-hack-scandal-and-retail-data-breaches/"
"164","http://www.cnet.com/news/heartbleed-bug-undoes-web-encryption-reveals-user-passwords/"
"165","https://corporate.homedepot.com/MediaCenter/Documents/Press%20Release.pdf"
"166","http://en.wikipedia.org/wiki/Heartbleed"
"167","http://heartbleed.com"
"168","Yahoo, I have no article"
"169","http://money.cnn.com/2016/09/22/technology/yahoo-hack-password-tips/"
"170","http://money.cnn.com/2015/03/19/technology/security/target-data-hack-settlement/"
"171","http://fortune.com/2015/08/26/ashley-madison-hack/"
"172","Hillary Clinton Email server"
"173","not possible"
"174","http://fortune.com/2015/08/26/ashley-madison-hack/"
"175","http://fortune.com/2016/11/09/yahoo-hack-data-breach-sec/"
"176","http://www.databreachtoday.com/telcom-company-three-mobile-breached-in-scam-a-9551"
"177","https://en.wikipedia.org/wiki/Ashley_Madison_data_breach"
"178","https://corporate.target.com/press/releases/2013/12/target-confirms-unauthorized-access-to-payment-car"
"179","http://money.cnn.com/2015/05/22/technology/adult-friendfinder-hacked/"
"180","https://www.identityforce.com/blog/irs-data-breach-more-taxpayers-affected"
"181","http://www.npr.org/sections/thetwo-way/2015/03/19/394039055/target-offers-10-million-settlement-in-data-breach-lawsuit"
"182","http://money.cnn.com/2016/09/22/technology/yahoo-data-breach/"
"183",""
"184","https://krebsonsecurity.com/2016/06/theres-the-beef-wendys-breach-numbers-about-to-get-much-meatier/"
"185","http://www.forbes.com/sites/ericbasu/2015/10/26/cybersecurity-lessons-learned-from-the-ashley-madison-hack/#1f36388bed99"
"186","https://www.google.com/url?sa=t&rct=j&q=&esrc=s&source=web&cd=16&cad=rja&uact=8&ved=0ahUKEwiJhoe26LrQAhUB5yYKHc98DXIQFghoMA8&url=http%3A%2F%2Fwww.npr.org%2Fsections%2Fthetwo-way%2F2015%2F03%2F19%2F394039055%2Ftarget-offers-10-million-settlement-in-data-breach-lawsuit&usg=AFQjCNHU2bucQKMR-xbIyaXPqDZwS39FUA"
"187","http://fortune.com/2015/08/26/ashley-madison-hack/"
"188","http://fortune.com/2015/08/26/ashley-madison-hack/"
"189","https://www.wired.com/2015/08/happened-hackers-posted-stolen-ashley-madison-data/"
"190","http://money.cnn.com/2016/09/22/technology/yahoo-data-breach/"
"191","http://www.americanbanker.com/bulletins/breach_data_theft_card-1039088-1.html"
"192","https://en.wikipedia.org/wiki/2016_Democratic_National_Committee_email_leak"
"193","https://en.wikipedia.org/wiki/Ashley_Madison_data_breach"
"194","http://www.nytimes.com/2016/10/22/business/internet-problems-attack.html?_r=0"
"195","http://www.ibtimes.com/ashley-madison-hack-update-all-high-profile-celebrity-names-attached-private-2066211"
"196","https://www.hackread.com/lastpass-hacked-this-time-for-good/"
"197",""
"198","http://www.usatoday.com/story/tech/2016/09/22/report-yahoo-may-confirm-massive-data-breach/90824934/"
"199","http://www.ibtimes.com/porn-site-hacked-brazzers-accounts-users-personal-info-leaked-online-2412435"
"200","clinton emails"
"201","http://www.dailymail.co.uk/sciencetech/article-3617907/65-million-passwords-hacked-Tumblr-Enormous-extent-2013-data-breach-revealed.html"
"202","http://fortune.com/2015/08/26/ashley-madison-hack/"
"203","http://www.wsj.com/articles/how-the-sony-data-breach-signals-a-paradigm-shift-in-cybersecurity-1423540851"
"204","https://en.wikipedia.org/wiki/Sony_Pictures_Entertainment_hack"
"205","http://krebsonsecurity.com/2014/09/banks-credit-card-breach-at-home-depot/"
"206",""
"207","http://techcrunch.com/2014/01/10/targets-data-breach-gets-worse-70-million-customers-had-info-stolen-including-names-emails-and-phones/?utm_source=feedburner&utm_medium=feed&utm_campaign=Feed%3A+Techcrunch+%28TechCrunch%29&utm_content=Netvibes"
"208","w[A2YGAEODJ5SSF6]g[Cushman Lab RM_SN]s[10352779]:9149e31dde66fdcf0f86ccf0e7a78319d3bbcdbc"
"209","vtech"
"210","http://fortune.com/2015/08/26/ashley-madison-hack/"
"211","http://www.wsj.com/articles/home-depot-breach-bigger-than-targets-1411073571"
"212","http://www.nexusmods.com/fallout4/news/12670/?"
"213","millions of clients from Target's stores had their credit information breached"
"214","china and the us"
"215","target"
"216","http://news.yahoo.com/verizon-says-security-breach-leads-customer-data-leak-223835928--finance.html"
"217","http://www.lowcards.com/1-5-million-customers-information-stolen-in-verizon-data-breach-41038"
"218","https://en.wikipedia.org/wiki/Ashley_Madison_data_breach"
"219","https://www.cnet.com/news/yahoo-500-million-accounts-hacked-data-breach/"
"220","http://www.tripwire.com/state-of-security/latest-security-news/sony-hackers-used-phishing-emails-to-breach-company-networks/"
"221","http://nypost.com/2015/10/29/the-storm-isnt-over-yet-for-ashley-madison-cheaters/"
"222","http://www.usnews.com/news/business/articles/2016-09-27/password-breach-could-have-ripple-effects-well-beyond-yahoo"
"223","http://fortune.com/2016/09/22/yahoo-hack-qa/"
"224",""
"225","https://www.cnet.com/news/yahoo-500-million-accounts-hacked-data-breach/"
"226","http://fortune.com/2016/09/22/yahoo-hack-qa/"
"227","http://www.nytimes.com/2016/08/11/us/politics/democratic-party-russia-hack-cyberattack.html?_r=0"
"228","http://www.usatoday.com/story/tech/2016/09/22/report-yahoo-may-confirm-massive-data-breach/90824934/"
"229","https://www.cnet.com/news/yahoo-500-million-accounts-hacked-data-breach/"
"230","Yahoo"
"231","https://threatpost.com/questions-mount-around-yahoo-breach/120876/"
"232","https://www.cnet.com/news/yahoo-500-million-accounts-hacked-data-breach/"
"233","http://money.cnn.com/2016/09/22/technology/yahoo-data-breach/"
"234","http://money.cnn.com/2014/12/24/technology/security/sony-hack-facts/"
"235","http://fortune.com/2015/08/26/ashley-madison-hack/"
"236","https://techcrunch.com/2016/04/25/hundreds-of-spotify-credentials-appear-online-users-report-accounts-hacked-emails-changed/"
"237","http://money.cnn.com/2016/09/22/technology/yahoo-data-breach/index.html"
"238","https://www.cnet.com/news/yahoo-500-million-accounts-hacked-data-breach/"
"239","https://www.yahoo.com/tech/yahoo-hack-latest-major-cyber-attack-151219455.html"
"240","https://www.theguardian.com/technology/2016/aug/31/dropbox-hack-passwords-68m-data-breach"
"241","http://www.nbcnews.com/tech/tech-news/some-yahoo-users-close-accounts-amid-anger-security-fears-n654236"
"242","https://www.grahamcluley.com/yahoo-email-address-hack/"
"243","http://www.polygon.com/2014/7/23/5931793/sony-2011-data-breach-class-action-lawsuit"
"244","http://www.nbcnews.com/tech/tech-news/some-yahoo-users-close-accounts-amid-anger-security-fears-n654236"
"245","http://finance.yahoo.com/news/password-breach-could-ripple-effects-100929929.html"
"246","http://fortune.com/2015/08/26/ashley-madison-hack/"
"247","http://money.cnn.com/2016/09/22/technology/yahoo-data-breach/"
"248","http://www.bbc.co.uk/newsbeat/article/37449726/yahoo-hack-hits-500-million-users-but-who-are-the-suspects"
"249","https://amp.cnn.com/cnn/2016/08/12/politics/guccifer-2-0-hacker-dnc-dccc/index.html"
"250","http://www.reuters.com/article/us-target-breach-idUSBRE9BH1GX20131219"
"251","https://en.wikipedia.org/wiki/Ashley_Madison_data_breach"
"252","http://www.whio.com/technology/yahoo-confirms-hack-500-million-users/PGIJkrddWVvbgEMweZS5gK/"
"253","https://www.cnet.com/news/yahoo-500-million-accounts-hacked-data-breach/"
"254","http://www.cnet.com/google-amp/news/yahoo-500-million-accounts-hacked-data-breach/"
"255","https://en.wikipedia.org/wiki/Ashley_Madison_data_breach"
"256","http://www.cnet.com/google-amp/news/yahoo-500-million-accounts-hacked-data-breach/"
"257","http://money.cnn.com/2016/09/22/technology/yahoo-data-breach/"
"258","http://money.cnn.com/2013/12/22/news/companies/target-credit-card-hack/"
"259","http://www.usatoday.com/story/tech/2016/09/22/report-yahoo-may-confirm-massive-data-breach/90824934/"
"260","http://www.dailywire.com/news/7960/wikileaks-hacked-emails-include-hillary-arming-james-barrett"
"261","http://fortune.com/2015/08/26/ashley-madison-hack/"
"262","http://fortune.com/2015/08/26/ashley-madison-hack/"
"263","http://www.bloomberg.com/news/videos/b/da235614-3740-4f68-8176-c1a640fc73a1"
"264","https://www.cnet.com/news/yahoo-500-million-accounts-hacked-data-breach/"
"265","https://www.cnet.com/news/yahoo-500-million-accounts-hacked-data-breach/"
"266","https://www.wired.com/2015/08/happened-hackers-posted-stolen-ashley-madison-data/"
"267","http://fortune.com/2016/09/27/yahoo-hack-senator-sec/"
"268","http://fortune.com/2016/09/27/yahoo-hack-senator-sec/"
"269","yahoo email"
"270","https://www.cnet.com/news/yahoo-500-million-accounts-hacked-data-breach/"
"271","https://www.yahoo.com/tech/password-breach-could-ripple-effects-100929929.html"
"272","https://www.cnet.com/news/yahoo-500-million-accounts-hacked-data-breach/"
"273","http://www.nbcnews.com/tech/tech-news/some-yahoo-users-close-accounts-amid-anger-security-fears-n654236"
"274",""
"275","https://www.hackread.com/amazon-suffers-security-breach/"
"276","http://www.classactionrebates.com/settlements/home-depot/"
"277","http://www.nydailynews.com/news/politics/clinton-russia-hacked-dnc-servers-article-1.2733136"
"278","http://money.cnn.com/2013/12/22/news/companies/target-credit-card-hack/"
"279",""
"280","http://fortune.com/sony-hack-part-1/"
"281","http://fortune.com/2016/08/19/eddie-bauer-data-breach/"
"282",""
"283","sony"
"284","www.cnn.com/2016/07/25/politics/democratic-convention-dnc-emails-russia/"
"285","http://www.pcworld.com/article/3018481/software/psa-steam-having-serious-issues-with-account-security-at-the-moment.html"
"286","http://www.forbes.com/forbes/welcome/?toURL=http://www.forbes.com/sites/josephsteinberg/2014/12/11/massive-security-breach-at-sony-heres-what-you-need-to-know/&refURL=https://www.google.com/&referrer=https://www.google.com/"
"287","fortune.com/2016/08/19/eddie-bauer-data-breach/"
"288","https://en.wikipedia.org/wiki/Sony_Pictures_Entertainment_hack"
"289",""
"290","http://www.traublieberman.com/news/2014/0103/3212/"
"291","http://news.filehippo.com/2016/03/snapchat-breach-and-the-biggest-security-flaw-ever/"
"292","target"
"293","http://www.bbc.com/news/technology-36320322"
"294","www.forbes.com/sites/quora/2015/12/.../the-top-10-security-breaches-of-2015/"
"295","http://www.cnn.com/2015/03/10/politics/state-department-hack-worst-ever/"
"296","target, had cc stolen"
"297","I am not going to the internet to find a link for a survey.  It was that democrat convention email leak thing."
"298",""
"299","http://wlos.com/news/local/following-wendys-data-breach-customers-who-visited-wnc-locations-may-be-affected"
"300","http://www.reuters.com/article/us-target-breach-idUSBRE9BH1GX20131219"
"301","https://wikileaks.org/dnc-emails/"
"302","http://www.bloomberg.com/news/articles/2014-10-10/sears-s-kmart-says-hackers-stole-payment-card-data-in-attack"
"303","https://en.wikipedia.org/wiki/Ashley_Madison_data_breach"
"304",""
"305","https://www.wired.com/2016/07/heres-know-russia-dnc-hack/"
"306","The Target Case"
"307","https://www.google.com/url?sa=t&rct=j&q=&esrc=s&source=web&cd=1&cad=rja&uact=8&ved=0ahUKEwjB54enrfrKAhVE1x4KHfL4AE0QFggcMAA&url=http%3A%2F%2Fwww.forbes.com%2Fsites%2Fgreatspeculations%2F2015%2F03%2F30%2Fhome-depot-will-the-impact-of-the-data-breach-be-significant%2F&usg=AFQjCNEKz7LBv4EmTAQ8RQo-_cOIELChGA&sig2=PhILHWYVRpXV16BBxEh6nQ"
"308","When someone hacked Target database"
"309","https://www.google.com/url?sa=t&rct=j&q=&esrc=s&source=web&cd=1&cad=rja&uact=8&ved=0ahUKEwjs1L6wrfrKAhVS2WMKHTWlC6QQFggdMAA&url=http%3A%2F%2Fglenngreenwald.net%2F&usg=AFQjCNFtIoprxiEpyBeMV0i7xrIOaRtZVg&sig2=YaF2gB7pr0Hnd6btnXzOuw"
"310","http://www.dailydot.com/politics/invest-bank-hacker-buba/"
"311","http://www.forbes.com/forbes/welcome/"
"312","http://krebsonsecurity.com/2016/01/wendys-probes-reports-of-credit-card-breach/"
"313","https://en.wikipedia.org/wiki/Ashley_Madison_data_breach"
"314","http://www.cnbc.com/2015/10/03/t-mobile-us-incredibly-angry-at-experian-over-data-breach.html"
"315","http://www.educationnews.org/parenting/vtech-cyber-attack-exposes-data-of-over-6-million-families/"
"316","http://www.wired.com/2015/08/happened-hackers-posted-stolen-ashley-madison-data/"
"317","http://www.reuters.com/article/net-us-facebook-security-idUSBRE95K18Y20130621"
"318","https://en.wikipedia.org/wiki/2014_JPMorgan_Chase_data_breach"
"319","http://money.cnn.com/2015/03/19/technology/security/target-data-hack-settlement/"
"320","http://www.nbcnews.com/tech/security/opm-hack-government-finally-starts-notifying-21-5-million-victims-n437126"
"321","http://www.wired.com/2015/08/happened-hackers-posted-stolen-ashley-madison-data/"
"322","http://www.theguardian.com/us-news/2016/feb/07/leaked-police-files-contain-guarantees-disciplinary-records-will-be-kept-secret"
"323","http://money.cnn.com/2015/03/19/technology/security/target-data-hack-settlement/index.html"
"324","http://www.csoonline.com/article/2991557/loss-prevention/consumer-alert-debit-card-fraud-at-walmart-discovered-in-16-states.html"
"325","The last one I recall was Targets credit card database being hacked."
"326","http://www.wired.com/2015/08/happened-hackers-posted-stolen-ashley-madison-data/"
"327","sony network"
"328","http://www.theguardian.com/technology/2015/nov/06/anonymous-ku-klux-klan-name-leak"
"329","http://fortune.com/2016/02/10/irs-hack-refunds/"
"330",""
"331","www.usatoday.com/story/news/nation.../sony.../20601645/ USA Today"
"332",""
"333","http://www.t-mobile.com/landing/experian-data-breach.html"
"334","http://www.dailymail.co.uk/news/article-2888339/Hackers-release-cache-13-000-passwords-credit-cards-Playstation-Xbox-Amazon-users.html"
"335","http://www.reuters.com/article/us-cybersecurity-usa-idUSKBN0OK2IK20150605"
"336","http://www.techweekeurope.co.uk/security/ashley-madison-blackmailed-182590"
"337","http://www.dataprotectionreport.com/2015/12/major-cybersecurity-breach-hits-hong-kong-company/"
"338","http://www.wsj.com/articles/SB10001424052702304773104579266743230242538"
"339","http://www.forbes.com/sites/ericbasu/2015/10/26/cybersecurity-lessons-learned-from-the-ashley-madison-hack/"
"340","http://www.crn.com/news/security/300076898/carefirst-breach-highlights-continued-challenges-in-health-care-security.htm"
"341","http://www.ft.com/cms/s/2/f3cbda3e-a027-11e5-8613-08e211ea5317.html#axzz3v2Og3A3S"
"342","http://www.bbc.com/news/technology-34944140"
"343","http://krebsonsecurity.com/2015/12/13-million-mackeeper-users-exposed/"
"344","https://www.bostonglobe.com/business/2014/08/22/cyberattack-that-hit-target-affecting-businesses/AmsccErTlI4vLhQpUfSorL/story.html"
"345","http://news.yahoo.com/anonymous-launches-trollingday-against-islamic-state-175414789.html;_ylt=AwrC0wz9NXpW6n4AT33QtDMD;_ylu=X3oDMTByNXQ0NThjBGNvbG8DYmYxBHBvcwM1BHZ0aWQDBHNlYwNzcg--"
"346","http://www.nytimes.com/2015/06/05/us/breach-in-a-federal-computer-system-exposes-personnel-data.html?_r=0"
"347","https://en.wikipedia.org/wiki/Ashley_Madison_data_breach"
"348","http://www.wsj.com/articles/target-reaches-settlement-with-visa-over-2013-data-breach-1439912013"
"349","http://www.tripwire.com/state-of-security/latest-security-news/sony-hackers-used-phishing-emails-to-breach-company-networks/"
"350","I can't find the article now"
"351","https://www.washingtonpost.com/business/economy/target-says-70-million-customers-were-hit-by-dec-data-breach-more-than-first-reported/2014/01/10/0ada1026-79fe-11e3-8963-b4b654bcc9b2_story.html"
"352","http://anonhq.com/twitter-sends-hacking-alerts-number-users-hacked/"
"353","https://en.wikipedia.org/wiki/Heartbleed"
"354","When hackers hacked into the CIA or miltitary database computers and got pertinent information."
"355","http://www.cnn.com/2015/06/22/politics/opm-hack-18-milliion/index.html"
"356","http://arstechnica.com/security/2015/08/ashley-madison-hack-is-not-only-real-its-worse-than-we-thought/"
"357","http://www.usatoday.com/story/tech/2015/02/04/health-care-anthem-hacked/22900925/"
"358","Hello Kitty website members"
"359","https://en.wikipedia.org/wiki/Heartbleed"
"360","http://www.inquisitr.com/2649526/bowman-avenue-dam-breached-by-iranian-cyber-hackers/"
"361","http://www.wired.com/2015/12/hello-kitty-hack/"
"362",""
"363","https://www.patreon.com/posts/important-notice-3457485"
"364","http://www.huffingtonpost.com/2014/09/18/home-depot-hack_n_5845378.html"
"365","http://money.cnn.com/2015/12/23/technology/hyatt-malware/"
"366","http://www.tripwire.com/state-of-security/latest-security-news/sony-hackers-used-phishing-emails-to-breach-company-networks/"
"367",""
"368","http://www.tripwire.com/state-of-security/latest-security-news/sony-hackers-used-phishing-emails-to-breach-company-networks/"
"369","http://www.cnbc.com/2016/02/26/new-irs-cyberattack-total-is-more-than-twice-previously-disclosed-dj-citing-irs.html"
"370","http://www.bloomberg.com/bw/articles/2014-03-13/target-missed-alarms-in-epic-hack-of-credit-card-data"
"371","http://www.pcgamer.com/valve-apologizes-for-steams-troubled-christmas/"
"372","http://www.dispatch.com/content/stories/business/2016/03/03/0303-wendys-data.html"
"373","http://www.bankinfosecurity.com/new-neiman-marcus-breach-authentication-must-change-a-8843/op-1"
"374","https://www.washingtonpost.com/business/economy/target-says-70-million-customers-were-hit-by-dec-data-breach-more-than-first-reported/2014/01/10/0ada1026-79fe-11e3-8963-b4b654bcc9b2_story.html"
"375","https://en.wikipedia.org/wiki/2011_PlayStation_Network_outage"
"376","http://www.cnbc.com/2016/01/29/hsbc-cyber-attack-brings-internet-banking-down.html"
"377",""
"378","http://www.cnn.com/2015/12/18/politics/juniper-networks-us-government-security-hack/"
"379","http://www.cio.com/article/2987830/online-security/ashley-madison-breach-shows-hackers-may-be-getting-personal.html"
"380","http://www.reuters.com/article/us-jpmorgan-cybersecurity-idUSKCN0HR23T20141003"
"381","http://r.search.yahoo.com/_ylt=A86.JyFnKN5WHxEAu6VjmolQ;_ylu=X3oDMTByaDNhc2JxBHNlYwNzcgRwb3MDMQRjb2xvA2dxMQR2dGlkAw--/RV=2/RE=1457428712/RO=10/RU=https%3a%2f%2fhacked.com%2ftag%2fsocial-security%2f/RK=0/RS=b5ldHLInl89Jx6n2mZhKQakAUSo-"
"382",""
"383","http://www.cnet.com/news/data-breach-snags-data-from-15m-t-mobile-customers/"
"384",""
"385","Target customer breach"
"386","Stealing of credit card data from Target"
"387","http://postalnews.com/blog/category/usps-data-breach/"
"388","Ashley madison"
"389","http://www.npr.org/sections/thetwo-way/2015/03/19/394039055/target-offers-10-million-settlement-in-data-breach-lawsuit"
"390","https://www.washingtonpost.com/business/economy/target-says-70-million-customers-were-hit-by-dec-data-breach-more-than-first-reported/2014/01/10/0ada1026-79fe-11e3-8963-b4b654bcc9b2_story.html"
"391","Target store's customer records were compromised."
"392","http://fortune.com/2014/10/03/5-huge-cybersecurity-breaches-at-big-companies/"
"393","fortune.com/sony-hack-part-1/"
"394","https://www.anthem.com/health-insurance/about-us/pressreleasedetails/WI/2015/1813/statement-regarding-cyber-attack-against-anthem"
"395","https://en.wikipedia.org/wiki/Sony_Pictures_Entertainment_hack"
"396","http://www.journalofaccountancy.com/news/2016/feb/irs-data-breach-exposes-social-security-numbers-201613868.html"
"397","http://www.usnews.com/news/articles/2016-02-09/doj-breach-overshadows-cybersecurity-budget-plan"
"398","http://www.cnet.com/news/heartbleed-bug-what-you-need-to-know-faq/"
"399","http://www.nytimes.com/2014/12/31/business/media/sony-attack-first-a-nuisance-swiftly-grew-into-a-firestorm-.html"
"400","http://money.cnn.com/2016/09/22/technology/yahoo-data-breach/"
"401","https://www.washingtonpost.com/news/capital-business/wp/2016/10/17/one-billion-reasons-why-the-yahoo-cyber-breach-matters/"
"402","http://www.mondaq.com/unitedstates/x/535536/data+protection/US+Officially+Blames+Russia+For+DNC+Hack"
"403","http://www.gamespot.com/articles/blizzard-games-affected-by-another-ddos-attack-rig/1100-6442915/"
"404","http://www.cnn.com/2016/10/16/politics/mike-pence-donald-trump-russia-hacking/"
"405","http://money.cnn.com/2016/09/22/technology/yahoo-data-breach/"
"406","http://money.cnn.com/2016/09/22/technology/yahoo-data-breach/"
"407","http://www.nytimes.com/2016/08/11/us/politics/democratic-party-russia-hack-cyberattack.html?_r=0"
"408","https://www.rockpapershotgun.com/2016/09/01/battlefield-1-beta-brought-down-by-ddos-attack/"
"409","https://www.google.com/url?sa=t&rct=j&q=&esrc=s&source=web&cd=5&cad=rja&uact=8&ved=0ahUKEwiV05K2jePPAhUDGT4KHUlWCEAQFgg9MAQ&url=http%3A%2F%2Ffortune.com%2Fsony-hack-part-1%2F&usg=AFQjCNFEBkLFTW4LtApgSwalzFPb4YHw9Q&sig2=ls2_cyGpytWCpRCz_YyWHQ&bvm=bv.135974163,d.cWw"
"410","DNC issue, no link"
"411","http://www.zdnet.com/article/blizzard-hit-with-ddos-disrupting-play-for-gamers/"
"412","http://money.cnn.com/2016/09/22/technology/yahoo-data-breach/"
"413","http://money.cnn.com/2016/09/22/technology/yahoo-data-breach/index.html"
"414","http://fortune.com/2015/08/26/ashley-madison-hack/"
"415","http://www.politico.com/live-blog-updates/2016/10/john-podesta-hillary-clinton-emails-wikileaks-000011"
"416","http://www.nytimes.com/interactive/2016/08/16/us/politics/cyberattack-on-democratic-politicians-dnc.html?_r=0"
"417","Clinton e-mails wikileaks"
"418","http://www.reuters.com/article/us-target-breach-idUSBRE9BH1GX20131219"
"419","http://money.cnn.com/2016/09/22/technology/yahoo-data-breach/"
"420","It was the heartbleed bug"
"421","DNC"
"422","http://www.hipaajournal.com/new-jersey-spine-center-pays-ransom-to-unlock-ehrs-3612/"
"423","https://www.anthemfacts.com/"
"424",""
"425","http://www.nbcnews.com/feature/nbc-out/hacked-emails-show-clinton-s-response-lgbtq-backlash-n667566"
"426","http://hierl.com/2016/09/28/news-brief-500-million-user-accounts-hacked-in-yahoo-breach/"
"427","http://money.cnn.com/2016/09/22/technology/yahoo-data-breach/"
"428","http://www.telegraph.co.uk/technology/2016/09/25/yahoo-deserves-severe-scrutiny-over-its-epic-hack---but-it-is-no/"
"429","http://www.bbc.com/news/world-europe-36933239"
"430","https://www.google.com/url?sa=t&rct=j&q=&esrc=s&source=web&cd=2&cad=rja&uact=8&ved=0ahUKEwir3N7fjePPAhUFoD4KHdPxDJ4QFggjMAE&url=http%3A%2F%2Fmoney.cnn.com%2F2016%2F09%2F22%2Ftechnology%2Fyahoo-data-breach%2F&usg=AFQjCNFUUpQRgR_V5srcmk_MBvEG_8x1oA&sig2=XDtiA_eSEhoOcxVetXQkHw"
"431","http://www.reuters.com/article/us-usa-cyber-democrats-investigation-exc-idUSKCN1092HK"
"432","http://www.nytimes.com/2016/07/07/us/hillary-clintons-email-was-probably-hacked-experts-say.html?_r=0"
"433","http://www.jpost.com/Breaking-News/Canada-government-websites-taken-down-in-cyber-attack-406370"
"434","http://www.infosecurity-magazine.com/news/adp-w2-breach-a-perfect-example-of/"
"435","http://www.nytimes.com/2016/09/14/us/politics/dnc-hack.html?_r=0"
"436","https://www.washingtonpost.com/world/national-security/russian-government-hackers-penetrated-dnc-stole-opposition-research-on-trump/2016/06/14/cf006cb4-316e-11e6-8ff7-7b6c1998b7a0_story.html"
"437","https://www.identityforce.com/blog/2016-data-breaches"
"438","http://www.usatoday.com/story/tech/2016/09/22/report-yahoo-may-confirm-massive-data-breach/90824934/"
"439","http://www.nytimes.com/2016/09/01/us/politics/dnc-hack-russia.html?_r=0"
"440","http://www.reuters.com/article/us-target-breach-idUSBRE9BH1GX20131219"
"441","the emails from hillary clinton"
"442","http://www.nytimes.com/2016/08/11/us/politics/democratic-party-russia-hack-cyberattack.html?_r=0"
"443","http://money.cnn.com/2016/09/22/technology/yahoo-data-breach/"
"444","http://money.cnn.com/2016/09/22/technology/yahoo-data-breach/"
"445","http://money.cnn.com/2016/09/22/technology/yahoo-data-breach/"
"446","https://www.identityforce.com/blog/2016-data-breaches"
"447","http://money.cnn.com/2016/09/22/technology/yahoo-data-breach/"
"448","http://www.huffingtonpost.com/eric-dezenhall/a-look-back-at-the-target_b_7000816.html"
"449","http://money.cnn.com/2016/09/22/technology/yahoo-data-breach/"
"450","http://www.huffingtonpost.com/adam-levin/what-the-recent-yahoo-hac_b_12494524.html"
"451","Yahoo Mail"
"452","I don't remember specifically what it was, I just remember hearing about it a month or two ago"
"453","http://www.t-mobile.com/landing/experian-data-breach.html"
"454","https://www.google.com/url?sa=t&rct=j&q=&esrc=s&source=web&cd=1&cad=rja&uact=8&ved=0ahUKEwjm5MH7xL7MAhUIRiYKHVjqC6MQFggoMAA&url=http%3A%2F%2Fwww.cbsnews.com%2Fnews%2Firs-identity-theft-online-hackers-social-security-number-get-transcript%2F&usg=AFQjCNGQD5mU08PhHZ52GGrIKAbRegudug&bvm=bv.121070826,d.eWE"
"455","http://www.forbes.com/sites/jasonbloomberg/2016/04/21/cybersecurity-lessons-learned-from-panama-papers-breach/#60a351974f7a"
"456","http://krebsonsecurity.com/2015/09/inside-target-corp-days-after-2013-breach/"
"457","https://www.wired.com/2015/08/happened-hackers-posted-stolen-ashley-madison-data/"
"458","https://en.wikipedia.org/wiki/Panama_Papers"
"459","https://panamapapers.icij.org/"
"460","http://www.huffingtonpost.com/2013/07/22/apple-hack_n_3634843.html"
"461","http://www.nytimes.com/2015/12/31/us/politics/voting-records-released-privacy-concerns.html?_r=0"
"462","http://money.cnn.com/2015/12/02/news/companies/target-data-breach-settlement/"
"463","https://www.google.com/url?sa=t&rct=j&q=&esrc=s&source=newssearch&cd=1&cad=rja&uact=8&ved=0ahUKEwiShZuLxr7MAhXK5SYKHZG9BT4QqQIIHCgAMAA&url=http%3A%2F%2Fwww.forbes.com%2Fsites%2Fjasonbloomberg%2F2016%2F04%2F21%2Fcybersecurity-lessons-learned-from-panama-papers-breach%2F&usg=AFQjCNEbjMaPgi9A86m9I4bhUFwo-RYilw&bvm=bv.121070826,d.cWw"
"464","https://en.wikipedia.org/wiki/Ashley_Madison_data_breach"
"465","http://www.journalofaccountancy.com/news/2016/feb/irs-data-breach-exposes-social-security-numbers-201613868.html"
"466","http://www.computerworld.com/article/3052218/security/the-massive-panama-papers-data-leak-explained.html"
"467",""
"468","I'd consider the Panama Papers a cybersecurity breach? Otherwise the slew of female celebrity pictures being leaked a while back."
"469",""
"470","http://www.wsj.com/articles/target-reaches-settlement-with-visa-over-2013-data-breach-1439912013"
"471","The Sony Hack"
"472","http://www.politico.com/story/2015/07/federal-government-cyber-attack-breach-21-million-people-affect-119918"
"473","http://www.reuters.com/article/us-target-breach-idUSBRE9BH1GX20131219"
"474","Target"
"475","https://www.google.com/url?sa=t&rct=j&q=&esrc=s&source=web&cd=2&cad=rja&uact=8&ved=0ahUKEwjq6Pmvzb7MAhVQ5GMKHa8bCM4QFggxMAE&url=http%3A%2F%2Fwww.tripwire.com%2Fstate-of-security%2Flatest-security-news%2Fsony-hackers-used-phishing-emails-to-breach-company-networks%2F&usg=AFQjCNHgrM8jmWmHIUrvd50sFsPjzwyjew&sig2=WNGWOxbMTzne2aZilSpPmw"
"476","http://www.forbes.com/sites/josephsteinberg/2014/12/11/massive-security-breach-at-sony-heres-what-you-need-to-know/#e733bd6e9a51"
"477","Target around Christmas a couple years ago"
"478","https://en.wikipedia.org/wiki/Sony_Pictures_Entertainment_hack"
"479","http://news.softpedia.com/news/linux-mint-website-hack-a-timeline-of-events-500719.shtml"
"480","http://www.usatoday.com/story/money/2016/02/26/cyber-hack-gained-access-more-than-700000-irs-accounts/80992822/"
"481","http://fortune.com/2015/08/26/ashley-madison-hack/"
"482","https://www.washingtonpost.com/business/economy/target-says-70-million-customers-were-hit-by-dec-data-breach-more-than-first-reported/2014/01/10/0ada1026-79fe-11e3-8963-b4b654bcc9b2_story.html"
"483","http://money.cnn.com/2015/12/02/news/companies/target-data-breach-settlement/"
"484","http://fortune.com/2015/08/26/ashley-madison-hack/"
"485","http://www.wsj.com/articles/SB10001424052702304773104579266743230242538"
"486","http://fortune.com/2015/08/26/ashley-madison-hack/099550,d.eWE"
"487","http://money.cnn.com/2013/12/22/news/companies/target-credit-card-hack/"
"488","http://www.forbes.com/sites/greatspeculations/2015/03/30/home-depot-will-the-impact-of-the-data-breach-be-significant/#6cc57aad69ab"
"489","http://blog.trendmicro.com/what-are-the-cyber-security-implications-of-hillary-clintons-private-email-system/"
"490","http://arstechnica.com/security/2016/01/time-warner-and-linode-report-possible-password-breaches/"
"491","http://www.healthcaredive.com/news/what-6-security-experts-have-to-say-about-the-anthem-breach/361890/"
"492","http://www.itbusinessedge.com/blogs/data-security/verizon-breach-shows-how-no-one-is-immune-from-an-attack.html"
"493","http://www.wthr.com/story/31326294/credit-card-skimmer-found-at-indianapolis-gas-station"
"494","http://www.wsj.com/video/iran-hacker-used-google-search-technique/830FFF55-331B-4221-B7E1-3690D1A6E79A.html"
"495","https://en.wikipedia.org/wiki/Ashley_Madison_data_breach"
"496",""
"497","http://www.tripwire.com/state-of-security/security-data-protection/cyber-security/the-ashley-madison-hack-a-timeline/"
"498","http://www.databreachtoday.com/medstar-shuts-systems-after-cyberattack-a-8999"
"499",""
"500","https://wrwiii12.wordpress.com/2016/03/"
"501","http://www.huffingtonpost.com/eric-dezenhall/a-look-back-at-the-target_b_7000816.html"
"502","http://fortune.com/2016/03/29/hackers-medstar-cyber-attack/"
"503","http://www.nytimes.com/2014/01/11/business/target-breach-affected-70-million-customers.html?_r=0"
"504",""
"505","http://money.cnn.com/2013/12/18/news/companies/target-credit-card/"
"506",""
"507","https://threatpost.com/1-1-million-affected-by-carefirst-bluecross-blueshield-breach/112951/"
"508","http://www.wsj.com/articles/SB10001424052702304773104579266743230242538"
"509","http://www.surveygizmo.com/s3/2673351/cybersec-survey"
"510","https://securityintelligence.com/target-breach-protect-against-similar-attacks-retailers/"
"511","http://www.npr.org/sections/thetwo-way/2015/03/19/394039055/target-offers-10-million-settlement-in-data-breach-lawsuit"
"512","http://money.cnn.com/2013/12/22/news/companies/target-credit-card-hack/"
"513","http://www.reuters.com/article/us-verizon-cyber-idUSKCN0WQ2KK"
"514","http://www.ft.com/cms/s/2/f3cbda3e-a027-11e5-8613-08e211ea5317.html"
"515","http://www.cnbc.com/2015/10/19/china-hacking-us-companies-for-secrets-despite-cyber-pact-.html"
"516","n/a"
"517","http://www.npr.org/sections/thetwo-way/2015/03/19/394039055/target-offers-10-million-settlement-in-data-breach-lawsuit"
"518","https://www.washingtonpost.com/business/economy/target-says-70-million-customers-were-hit-by-dec-data-breach-more-than-first-reported/2014/01/10/0ada1026-79fe-11e3-8963-b4b654bcc9b2_story.html"
"519","http://www.journalofaccountancy.com/news/2016/feb/irs-data-breach-exposes-social-security-numbers-201613868.html"
"520","http://money.cnn.com/2015/12/02/news/companies/target-data-breach-settlement/"
"521","http://www.usnews.com/news/articles/2016-02-16/why-the-irs-was-hacked-again-and-what-the-feds-can-do-about-it"
"522","http://www.huffingtonpost.com/2014/09/18/home-depot-hack_n_5845378.html"
"523","http://nypost.com/tag/ashley-madison/"
"524","http://fortune.com/2016/03/24/adele-hack-cybersecurity/"
"525","http://www.foxnews.com/politics/2015/07/09/hackers-stole-social-security-numbers-from-215-million-govt-admits.html"
"526","http://fortune.com/2015/08/26/ashley-madison-hack/"
"527","fortune.com/2015/08/26/ashley-madison-hack"
"528","https://motherboard.vice.com/read/ashley-madison-hackers-speak-out-nobody-was-watching"
"529","http://www.forbes.com/sites/josephsteinberg/2014/12/11/massive-security-breach-at-sony-heres-what-you-need-to-know/#5f075533e9a5"
"530","http://www.usatoday.com/story/money/2016/02/26/cyber-hack-gained-access-more-than-700000-irs-accounts/80992822/"
"531","http://www.nytimes.com/2016/04/05/world/panama-papers-explainer.html?_r=0"
"532","http://krebsonsecurity.com/2014/05/the-target-breach-by-the-numbers/"
"533","http://www.usatoday.com/story/tech/2014/10/02/jp-morgan-security-breach/16590689/"
"534","http://www.newsmax.com/Newsfront/Cyber-Breaches-Department-of-Justice-IRS-Concern/2016/02/12/id/714004/"
"535","http://blogs.wsj.com/cio/2014/05/05/target-breach-fallout-shows-ceos-cios-share-cybersecurity-stakes/"
"536","http://time.com/money/4272778/verizon-data-breach/"
"537","https://www.washingtonpost.com/business/economy/target-says-70-million-customers-were-hit-by-dec-data-breach-more-than-first-reported/2014/01/10/0ada1026-79fe-11e3-8963-b4b654bcc9b2_story.html"
"538","https://www.venafi.com/blog/post/deciphering-how-edward-snowden-breached-the-nsa/"
"539","http://mashable.com/2014/06/05/edward-snowden-revelations/#kxhDh7qU5iq0"
"540","https://www.google.com/url?sa=t&rct=j&q=&esrc=s&source=web&cd=2&cad=rja&uact=8&ved=0ahUKEwiw3ciZg5fMAhVJ3GMKHbbBC8IQFggkMAE&url=http%3A%2F%2Fmoney.cnn.com%2F2015%2F03%2F19%2Ftechnology%2Fsecurity%2Ftarget-data-hack-settlement%2F&usg=AFQjCNE8dwZLYPNNXFsYsf8H4xBTIOh6hQ&sig2=laT5q8a__tO7Iy9pB8zFaQ"
"541","http://www.cbsnews.com/news/target-customers-hit-in-major-credit-card-security-breach/"
"542","http://www.cbronline.com/news/cybersecurity/data/national-childbirth-trust-hit-by-major-data-breach-when-will-companies-learn-that-no-data-is-safe-from-hackers-4859930"
"543","http://www.csoonline.com/article/3048825/security/ransomware-attack-hits-medstar-health-network-offline.html There was a leak locally here in Baltimore regarding MedStar"
"544","https://en.wikipedia.org/wiki/Office_of_Personnel_Management_data_breach"
"545","https://www.washingtonpost.com/business/economy/target-says-70-million-customers-were-hit-by-dec-data-breach-more-than-first-reported/2014/01/10/0ada1026-79fe-11e3-8963-b4b654bcc9b2_story.html"
"546","http://www.housingwire.com/articles/35249-experian-hacked-15-million-peoples-credit-data-stolen-in-breach"
"547","http://www.forbes.com/sites/maggiemcgrath/2014/01/10/target-data-breach-spilled-info-on-as-many-as-70-million-customers/#5ee72bce6bd1"
"548","http://www.cnbc.com/2016/03/24/15-million-verizon-enterprise-customers-hacked-report.html"
"549","https://www.google.com/url?sa=t&rct=j&q=&esrc=s&source=web&cd=2&cad=rja&uact=8&ved=0ahUKEwiM0Lywg5fMAhXL1x4KHax6BcEQFggnMAE&url=http%3A%2F%2Fwww.bidnessetc.com%2F29743-could-a-data-breach-mark-the-end-of-jc-penneys-turnaround-story%2F&usg=AFQjCNH8vsDU9wBLYJYeIxiCAi9tYRfntg&sig2=QK2wNFV2IgYhYK95Loa4wg&bvm=bv.119745492,d.dmo"
"550","http://www.usatoday.com/story/money/2016/02/26/cyber-hack-gained-access-more-than-700000-irs-accounts/80992822/"
"551","http://www.pcworld.com/article/2936621/the-lastpass-security-breach-what-you-need-to-know-do-and-watch-out-for.html"
"552",""
"553","http://krebsonsecurity.com/2015/09/inside-target-corp-days-after-2013-breach/"
"554","http://www.usatoday.com/story/news/nation-now/2014/12/18/sony-hack-timeline-interview-north-korea/20601645/"
"555","http://www.forbes.com/sites/quora/2015/12/31/the-top-10-security-breaches-of-2015/#4a790bd1694f"
"556","http://www.usatoday.com/story/money/2016/02/26/cyber-hack-gained-access-more-than-700000-irs-accounts/80992822/"
"557","http://www.wired.com/2015/08/happened-hackers-posted-stolen-ashley-madison-data/"
"558","https://www.yahoo.com/tech/after-hospital-ransomware-attack-time-for-some-172122979.html"
"559","http://www.bankinfosecurity.com/crypto-keys-stolen-from-amazon-cloud-a-8581/op-1"
"560","https://www.google.com/url?sa=t&source=web&rct=j&url=http://www.usatoday.com/story/money/2016/04/03/german-paper-massive-financial-leak-reveals-offshort-accounts/82586798/&ved=0ahUKEwiO_PnihJfMAhUCGR4KHUZoA384ChAWCCYwBA&usg=AFQjCNGV75wMzSgSWP02g8tgYwNCENIMaA"
"561","https://www.washingtonpost.com/news/powerpost/wp/2016/04/11/inadvertent-cyber-breach-hits-44000-fdic-customers/"
"562","http://www.cbsnews.com/news/brussels-attacks-belgium-minister-jacqueline-galant-resigns-after-airport-security-lapses-leak/"
"563","http://www.inc.com/magazine/201504/jeremy-quittner/making-a-killing-in-the-new-cyberwars.html"
"564","http://www.usatoday.com/story/money/2016/02/26/cyber-hack-gained-access-more-than-700000-irs-accounts/80992822/"
"565","http://www.cnbc.com/2016/04/04/some-trump-hotels-hit-by-data-breach-report.html"
"566","https://panamapapers.icij.org/"
"567","http://www.cnn.com/2016/04/17/politics/us-russia-meet-on-cybersecurity/index.html"
"568","http://fortune.com/2015/10/14/uber-driver-app-data-leak/"
"569","postalnews.com/blog/category/usps-data-breach/"
"570","http://www.forbes.com/sites/jayadkisson/2016/04/17/why-no-americanos-yet-in-mossack-fonsecas-panama-papers-revelations/#182c06096487"
"571","http://fortune.com/2015/12/29/us-voter-data-exposed/"
"572","http://www.usnews.com/news/articles/2016-02-16/why-the-irs-was-hacked-again-and-what-the-feds-can-do-about-it"
"573","http://www.cnbc.com/id/42769019"
"574","https://en.wikipedia.org/wiki/Ashley_Madison_data_breach"
"575","http://www.forbes.com/sites/katevinton/2015/06/12/report-new-government-data-breach-includes-sensitive-military-intelligence-personnel-data/"
"576","https://en.wikipedia.org/wiki/Ashley_Madison_data_breach"
"577","http://www.forbes.com/sites/josephsteinberg/2014/12/11/massive-security-breach-at-sony-heres-what-you-need-to-know/"
"578","http://www.eonline.com/news/687685/hackers-release-identities-of-ashley-madison-users-one-month-after-security-breach"
"579","http://fortune.com/2014/08/05/target-data-breach-profit/"
"580","http://www.nbcnews.com/tech/security/opm-hack-government-finally-starts-notifying-21-5-million-victims-n437126"
"581","http://www.nytimes.com/2015/08/29/technology/ashley-madison-ceo-steps-down-after-data-hack.html"
"582","https://www.washingtonpost.com/business/economy/target-says-70-million-customers-were-hit-by-dec-data-breach-more-than-first-reported/2014/01/10/0ada1026-79fe-11e3-8963-b4b654bcc9b2_story.html"
"583","http://r.search.yahoo.com/_ylt=A0LEVixItI1WPl8AJf8nnIlQ;_ylu=X3oDMTByOHZyb21tBGNvbG8DYmYxBHBvcwMxBHZ0aWQDBHNlYwNzcg--/RV=2/RE=1452156104/RO=10/RU=http%3a%2f%2fwww.foxnews.com%2fpolitics%2f2015%2f06%2f10%2frecords-from-government-data-breach-surface-on-darknet-says-expert.html/RK=0/RS=GYy.Fvl8JcQfvuH.L_XowQS5_qE-"
"584","http://www.ibtimes.co.uk/sony-hacking-north-korea-refuses-deny-involvement-amid-multiple-film-leak-1477577"
"585","http://www.forbes.com/sites/maggiemcgrath/2014/01/10/target-data-breach-spilled-info-on-as-many-as-70-million-customers/"
"586","http://www.modernhealthcare.com/article/20150921/NEWS/150929997"
"587","http://www.crn.com/slide-shows/security/300077563/the-10-biggest-data-breaches-of-2015-so-far.htm"
"588","Home Depot customer information."
"589","http://www.tripwire.com/state-of-security/security-data-protection/cyber-security/the-ashley-madison-hack-a-timeline/"
"590","http://www.forbes.com/sites/lisabrownlee/2015/09/25/new-report-of-malicious-chinese-cyber-attack-on-a-u-s-government-agency/"
"591","https://www.google.com/url?sa=t&rct=j&q=&esrc=s&source=web&cd=3&cad=rja&uact=8&ved=0ahUKEwjVrpLgu5bKAhVD62MKHc9pAxEQFggpMAI&url=http%3A%2F%2Fwww.forbes.com%2Fsites%2Fpaularosenblum%2F2014%2F01%2F17%2Fthe-target-data-breach-is-becoming-a-nightmare%2F&usg=AFQjCNF4liw7xk6CqO-QSGgkDQ3WOzOxng&sig2=Xg91h4gsXFZgaso9cl-abQ"
"592","https://en.wikipedia.org/wiki/Ashley_Madison_data_breach"
"593","https://iicybersecurity.wordpress.com/2015/07/27/steam-hit-by-major-security-breach-many-accounts-hacked/"
"594","http://www.cnn.com/2015/12/18/politics/juniper-networks-us-government-security-hack/"
"595","https://www.washingtonpost.com/business/economy/target-says-70-million-customers-were-hit-by-dec-data-breach-more-than-first-reported/2014/01/10/0ada1026-79fe-11e3-8963-b4b654bcc9b2_story.html"
"596","http://www.usatoday.com/story/news/nation-now/2014/12/18/sony-hack-timeline-interview-north-korea/20601645/"
"597","http://fortune.com/2015/08/26/ashley-madison-hack/"
"598","http://www.nytimes.com/2015/03/20/business/target-settlement-on-data-breach.html?_r=0"
"599",""
"600","http://www.foxnews.com/politics/2015/06/06/massive-cybersecurity-breach-raises-concerns-about-what-hackers-stole.html"
"601","http://www.nytimes.com/2015/03/20/business/target-settlement-on-data-breach.html?_r=0"
"602","http://money.cnn.com/2014/12/09/technology/security/sony-hacking-roundup/"
"603","http://abcnews.go.com/Technology/arrest-made-vtech-toy-security-breach/story?id=35776252"
"604","http://www.gamerevolution.com/news/steam-security-breach-update-11075"
"605","the target leak"
"606","https://en.wikipedia.org/wiki/Ashley_Madison_data_breach"
"607","http://www.bbc.com/news/technology-34072762"
"608","http://www.huffingtonpost.com/eric-dezenhall/a-look-back-at-the-target_b_7000816.html"
"609","http://www.cnn.com/2015/07/09/politics/office-of-personnel-management-data-breach-20-million/"
"610","http://www.forbes.com/sites/paularosenblum/2014/01/17/the-target-data-breach-is-becoming-a-nightmare/"
"611","https://www.washingtonpost.com/business/economy/target-says-70-million-customers-were-hit-by-dec-data-breach-more-than-first-reported/2014/01/10/0ada1026-79fe-11e3-8963-b4b654bcc9b2_story.html"
"612",""
"613","https://www.google.com/url?sa=t&rct=j&q=&esrc=s&source=web&cd=5&cad=rja&uact=8&ved=0ahUKEwjDn5T--MPPAhVHyWMKHTOTB6oQFgg_MAQ&url=https%3A%2F%2Fwww.thesun.co.uk%2Fliving%2F1708802%2Fsex-lies-and-cyber-attacks-ashley-madison-hack-victims-reveal-the-traumatic-impact-its-had-on-their-relationships%2F&usg=AFQjCNFQM7HBlKIn-ltFkmBvzZzIK5d6Vg&sig2=2qExoTct-hfDy4gV_lZKrQ"
"614","https://www.theguardian.com/technology/2011/apr/26/playstation-network-hackers-data"
"615","https://en.wikipedia.org/wiki/Office_of_Personnel_Management_data_breach"
"616","http://www.modernhealthcare.com/article/20160330/NEWS/160339997"
"617","https://www.theguardian.com/sport/2016/sep/15/fancy-bears-hackers--russia-wada-tues-leaks"
"618","http://fortune.com/2015/04/16/target-mastercard/"
"619","http://www.npr.org/sections/thetwo-way/2015/03/19/394039055/target-offers-10-million-settlement-in-data-breach-lawsuit"
"620","https://www.washingtonpost.com/business/economy/target-says-70-million-customers-were-hit-by-dec-data-breach-more-than-first-reported/2014/01/10/0ada1026-79fe-11e3-8963-b4b654bcc9b2_story.html"
"621","no link but it had to do with Target customers account information being breached if they used a credit card or debit card"
"622","N/A"
"623","Target"
"624",""
"625","http://www.forbes.com/sites/quora/2015/12/31/the-top-10-security-breaches-of-2015/#210e1f9b694f"
"626","http://www.bignewsnetwork.com/news/244059189/swift-says-second-bank-hit-by-malware-attackswift-network-wasnt-hacked-in-81-million-bangladesh-heist-ceo"
"627","https://en.wikipedia.org/wiki/2011_PlayStation_Network_outage"
"628","http://fortune.com/sony-hack-part-1/"
"629","https://en.wikipedia.org/wiki/Sony_Pictures_Entertainment_hack"
"630","http://fortune.com/2016/04/09/panama-papers-mossack-fonseca/"
"631","http://www.npr.org/sections/thetwo-way/2015/03/19/394039055/target-offers-10-million-settlement-in-data-breach-lawsuit"
"632","https://www.washingtonpost.com/business/economy/target-says-70-million-customers-were-hit-by-dec-data-breach-more-than-first-reported/2014/01/10/0ada1026-79fe-11e3-8963-b4b654bcc9b2_story.html"
"633",""
"634","http://krebsonsecurity.com/2016/01/wendys-probes-reports-of-credit-card-breach/"
"635","http://www.npr.org/sections/thetwo-way/2015/03/19/394039055/target-offers-10-million-settlement-in-data-breach-lawsuit"
"636",""
"637","http://www.zdnet.com/article/tumblr-discloses-email-security-breach/"
"638","http://www.bbc.com/news/technology-36284447"
"639","http://www.navytimes.com/story/military/2015/06/17/sf-86-security-clearance-breach-troops-affected-opm/28866125/"
"640","http://www.chicagotribune.com/business/ct-fdic-cybersecurity-data-breach-20160509-story.html"
"641","http://money.cnn.com/2015/03/19/technology/security/target-data-hack-settlement/"
"642","https://en.wikipedia.org/wiki/Panama_Papers"
"643","https://en.wikipedia.org/wiki/Sony_Pictures_Entertainment_hack"
"644","https://consumerist.com/?s=target+breach"
"645","https://threatpost.com/wendys-comes-clean-on-data-breach/118034/"
"646","http://www.lifezette.com/polizette/kremlin-has-hillary-emails/"
"647","https://securityintelligence.com/target-breach-protect-against-similar-attacks-retailers/"
"648","http://heartbleed.com/"
"649","http://thehill.com/policy/cybersecurity/270959-irs-reveals-taxpayer-breach-much-larger-than-previously-reported"
"650","https://www.washingtonpost.com/business/economy/target-says-70-million-customers-were-hit-by-dec-data-breach-more-than-first-reported/2014/01/10/0ada1026-79fe-11e3-8963-b4b654bcc9b2_story.html"
"651","http://www.thestreet.com/story/13309902/1/t-mobile-customers-hit-by-data-breach-sprint-poised-to-cut-jobs-telecom-winners-losers.html"
"652","https://www.wired.com/2015/08/check-loved-one-exposed-ashley-madison-hack/"
"653","https://en.wikipedia.org/wiki/2014_JPMorgan_Chase_data_breach"
"654",""
"655","http://www.ibtimes.com/hackers-ransom-attack-california-hospital-more-proof-healthcare-cybersecurity-2309720"
"656","Target"
"657","http://www.thewrap.com/11-revelations-from-wikileaks-sony-hack-emails-amy-pascals-travel-expenses-david-fincher-complains-of-leak/"
"658","http://www.theregister.co.uk/2015/02/05/anthem_hacked/"
"659","http://www.databreaches.net/central-hudson-completes-internal-cyber-security-investigation-experts-report-it-may-be-impossible-to-ever-confirm-information-transfer-law-enforcement-investigation-continues/"
"660","http://www.forbes.com/sites/thomasbrewster/2015/12/28/us-voter-database-leak/#43f5a1051bb9"
"661","http://www.wsj.com/articles/home-depot-breach-bigger-than-targets-1411073571"
"662","https://www.wired.com/2015/08/check-loved-one-exposed-ashley-madison-hack/"
"663","http://panamapapers.sueddeutsche.de/articles/56febff0a1bb8d3c3495adf4/"
